City_ID,City,Country,Date,Lat,Lng,Max Temp,Humidity,Cloudiness,Wind Speed
0,Te Anau,NZ,2020-06-20 18:44:58,-45.42,167.72,33.21,93,39,1.5
1,Sambava,MG,2020-06-20 18:47:11,-14.27,50.17,74.71,90,96,13.44
2,Ushuaia,AR,2020-06-20 18:47:12,-54.8,-68.3,33.8,86,40,4.7
3,Sassandra,CI,2020-06-20 18:47:12,4.95,-6.08,77.58,82,95,6.04
4,Acapulco,MX,2020-06-20 18:47:12,16.86,-99.89,87.8,70,90,2.24
5,Ribeira Grande,PT,2020-06-20 18:47:12,38.52,-28.7,69.8,83,40,16.11
6,Arraial Do Cabo,BR,2020-06-20 18:47:12,-22.97,-42.03,80.6,69,0,10.29
7,Ignacio Zaragoza,MX,2020-06-20 18:47:13,28.38,-107.22,82.0,30,86,5.99
8,Bilibino,RU,2020-06-20 18:47:13,68.05,166.44,73.45,37,100,2.51
9,Tuktoyaktuk,CA,2020-06-20 18:44:29,69.45,-133.04,42.8,93,90,9.17
10,Okhotsk,RU,2020-06-20 18:47:13,59.38,143.3,46.89,89,100,2.91
11,Atuona,PF,2020-06-20 18:47:14,-9.8,-139.03,79.66,78,8,16.44
12,Kapaa,US,2020-06-20 18:47:14,22.08,-159.32,77.0,83,20,16.11
13,Peace River,CA,2020-06-20 18:47:14,56.25,-117.29,75.2,47,20,12.75
14,Gigmoto,PH,2020-06-20 18:47:14,13.78,124.39,80.71,78,37,2.06
15,Palmas,BR,2020-06-20 18:47:14,-10.21,-48.36,90.0,38,20,8.05
16,Kahului,US,2020-06-20 18:43:49,20.89,-156.47,80.6,61,40,20.8
17,Dunedin,NZ,2020-06-20 18:46:24,-45.87,170.5,43.0,94,100,5.32
18,Bathsheba,BB,2020-06-20 18:47:15,13.22,-59.52,86.0,74,20,20.8
19,Midyat,TR,2020-06-20 18:47:15,37.42,41.34,77.0,44,40,13.87
20,Sioux Lookout,CA,2020-06-20 18:45:01,50.1,-91.92,69.8,40,75,8.05
21,Vung Tau,VN,2020-06-20 18:47:16,10.35,107.08,81.5,81,100,7.38
22,Rikitea,PF,2020-06-20 18:47:16,-23.12,-134.97,75.9,84,95,12.86
23,Narsaq,GL,2020-06-20 18:47:16,60.92,-46.05,53.6,34,75,5.82
24,Yellowknife,CA,2020-06-20 18:47:16,62.46,-114.35,75.99,39,20,20.8
25,Balkhash,KZ,2020-06-20 18:47:17,46.84,74.98,61.38,43,0,11.79
26,Chake Chake,TZ,2020-06-20 18:47:17,-5.25,39.77,76.62,73,99,13.24
27,Anadyr,RU,2020-06-20 18:47:17,64.75,177.48,57.2,58,0,2.24
28,Bethel,US,2020-06-20 18:44:45,41.37,-73.41,87.01,51,20,8.05
29,Chuy,UY,2020-06-20 18:47:18,-33.7,-53.46,59.95,79,43,6.42
30,Punta Arenas,CL,2020-06-20 18:47:18,-53.15,-70.92,37.4,82,75,12.75
31,Constitucion,CL,2020-06-20 18:47:18,-35.33,-72.42,55.62,86,100,21.61
32,Roseland,US,2020-06-20 18:44:55,38.42,-122.73,66.99,68,40,5.82
33,Carman,CA,2020-06-20 18:42:47,49.5,-98.0,69.01,82,20,12.75
34,Ambilobe,MG,2020-06-20 18:47:19,-13.2,49.05,71.78,89,100,3.53
35,Thunder Bay,CA,2020-06-20 18:45:32,48.4,-89.32,73.99,49,90,3.36
36,Sterling,US,2020-06-20 18:42:44,39.01,-77.43,79.0,65,75,10.29
37,Krasnik,PL,2020-06-20 18:47:19,50.92,22.23,71.01,93,40,4.7
38,Catalao,BR,2020-06-20 18:47:20,-18.17,-47.95,78.06,51,72,8.01
39,Severo-Kurilsk,RU,2020-06-20 18:47:20,50.68,156.12,41.97,92,100,16.67
40,Castro,BR,2020-06-20 18:47:20,-24.79,-50.01,70.74,63,0,6.11
41,Igarka,RU,2020-06-20 18:47:21,67.47,86.58,45.03,78,44,11.56
42,Kirkwall,GB,2020-06-20 18:47:21,58.98,-2.96,57.2,87,0,12.75
43,Aquiraz,BR,2020-06-20 18:47:21,-3.9,-38.39,86.0,66,40,17.22
44,Bredasdorp,ZA,2020-06-20 18:43:53,-34.53,20.04,59.0,87,92,5.06
45,Chokurdakh,RU,2020-06-20 18:47:22,70.63,147.92,79.48,29,0,10.49
46,Honningsvag,NO,2020-06-20 18:47:22,70.98,25.97,44.55,81,0,5.91
47,Vardo,NO,2020-06-20 18:44:23,70.37,31.11,43.88,82,5,4.23
48,Busselton,AU,2020-06-20 18:43:28,-33.65,115.33,41.0,69,0,6.67
49,Iqaluit,CA,2020-06-20 18:46:30,63.75,-68.51,41.0,80,75,4.7
50,College,US,2020-06-20 18:47:23,64.86,-147.8,63.0,63,75,9.17
51,Asfi,MA,2020-06-20 18:47:23,32.3,-9.24,71.92,70,0,20.29
52,Avarua,CK,2020-06-20 18:47:23,-21.21,-159.78,71.6,68,100,6.93
53,Kiama,AU,2020-06-20 18:47:23,-34.68,150.87,55.99,87,100,1.01
54,Isangel,VU,2020-06-20 18:47:23,-19.55,169.27,70.57,82,89,13.65
55,Ust-Tsilma,RU,2020-06-20 18:47:24,65.44,52.15,40.55,90,100,16.33
56,Port Lincoln,AU,2020-06-20 18:44:24,-34.73,135.87,55.31,72,75,20.67
57,Meulaboh,ID,2020-06-20 18:47:24,4.14,96.13,76.8,87,100,6.22
58,Beringovskiy,RU,2020-06-20 18:47:24,63.05,179.32,46.33,56,2,4.97
59,Casma,CL,2020-06-20 18:47:24,-41.01,-73.12,50.0,93,100,5.82
60,Timmins,CA,2020-06-20 18:47:06,48.47,-81.33,84.2,45,75,10.29
61,Fortuna,US,2020-06-20 18:47:25,40.6,-124.16,68.0,72,20,8.05
62,Hermanus,ZA,2020-06-20 18:47:25,-34.42,19.23,60.01,86,96,4.0
63,New Norfolk,AU,2020-06-20 18:47:25,-42.78,147.06,45.0,92,98,2.44
64,Vaini,TO,2020-06-20 18:47:25,-21.2,-175.2,73.4,88,40,6.93
65,Hobart,AU,2020-06-20 18:45:06,-42.88,147.33,46.4,93,90,4.7
66,Tuatapere,NZ,2020-06-20 18:47:26,-46.13,167.68,39.0,83,57,3.0
67,Sangar,RU,2020-06-20 18:47:26,63.92,127.47,61.66,62,86,1.83
68,Mahebourg,MU,2020-06-20 18:47:26,-20.41,57.7,73.4,60,20,13.87
69,Doha,QA,2020-06-20 18:42:45,25.29,51.53,93.2,55,0,3.36
70,Merauke,ID,2020-06-20 18:47:27,-8.47,140.33,76.86,84,0,14.41
71,Hilo,US,2020-06-20 18:43:44,19.73,-155.09,78.8,61,1,6.93
72,Tiksi,RU,2020-06-20 18:47:27,71.69,128.87,63.7,44,0,5.3
73,Nome,US,2020-06-20 18:47:28,64.5,-165.41,66.2,39,1,18.34
74,Christchurch,NZ,2020-06-20 18:47:28,-43.53,172.63,44.01,93,12,1.12
75,Lima,PE,2020-06-20 18:45:12,-12.04,-77.03,64.4,77,90,6.93
76,Barrow,US,2020-06-20 18:47:28,71.29,-156.79,33.8,80,90,9.17
77,Cabo San Lucas,MX,2020-06-20 18:44:39,22.89,-109.91,88.0,45,5,8.05
78,Khani,GE,2020-06-20 18:47:29,41.96,42.96,68.0,77,75,3.36
79,Mataura,NZ,2020-06-20 18:43:42,-46.19,168.86,39.0,83,71,3.0
80,Cape Town,ZA,2020-06-20 18:44:08,-33.93,18.42,61.0,93,40,5.82
81,Tasiilaq,GL,2020-06-20 18:47:30,65.61,-37.64,46.4,70,75,23.04
82,Zambezi,ZM,2020-06-20 18:47:30,-13.54,23.1,57.11,45,0,2.44
83,Lebu,CL,2020-06-20 18:47:30,-37.62,-73.65,53.96,84,78,19.86
84,Mataram,ID,2020-06-20 18:47:30,-8.58,116.12,75.2,94,40,3.36
85,Lompoc,US,2020-06-20 18:47:30,34.64,-120.46,64.4,72,10,7.85
86,Honiara,SB,2020-06-20 18:47:31,-9.43,159.95,77.0,94,75,4.7
87,Albany,US,2020-06-20 18:44:31,42.6,-73.97,90.0,54,29,5.48
88,Ilulissat,GL,2020-06-20 18:43:41,69.22,-51.1,48.2,42,5,6.93
89,Jamestown,US,2020-06-20 18:45:16,42.1,-79.24,78.8,54,90,4.7
90,Butaritari,KI,2020-06-20 18:47:31,3.07,172.79,82.98,76,67,9.82
91,Eenhana,NA,2020-06-20 18:47:32,-17.47,16.33,57.18,37,0,5.44
92,Belmonte,BR,2020-06-20 18:47:32,-15.86,-38.88,78.8,57,0,9.17
93,Phalodi,IN,2020-06-20 18:47:32,27.13,72.37,96.01,37,0,22.7
94,Vila Velha,BR,2020-06-20 18:47:32,-20.33,-40.29,82.4,65,20,9.17
95,Chapais,CA,2020-06-20 18:47:32,49.78,-74.85,84.2,45,75,6.93
96,Grand Gaube,MU,2020-06-20 18:47:33,-20.01,57.66,73.0,72,97,8.99
97,Dicabisagan,PH,2020-06-20 18:47:33,17.08,122.42,79.77,80,34,6.98
98,Biak,ID,2020-06-20 18:44:36,-0.91,122.88,77.07,81,100,5.64
99,Kaitangata,NZ,2020-06-20 18:47:33,-46.28,169.85,43.0,86,81,1.99
100,Port Elizabeth,ZA,2020-06-20 18:43:44,-33.92,25.57,55.4,100,0,3.36
101,Lakes Entrance,AU,2020-06-20 18:47:34,-37.88,147.98,43.0,95,4,4.85
102,Sola,VU,2020-06-20 18:47:34,-13.88,167.55,79.5,82,100,19.33
103,Saint Anthony,US,2020-06-20 18:47:34,45.02,-93.22,73.0,49,20,3.36
104,Saskylakh,RU,2020-06-20 18:47:35,71.92,114.08,72.5,44,100,4.68
105,Savannah Bight,HN,2020-06-20 18:47:35,16.45,-85.85,83.3,76,100,20.49
106,Cap Malheureux,MU,2020-06-20 18:47:35,-19.98,57.61,73.0,72,97,8.99
107,Hithadhoo,MV,2020-06-20 18:43:38,-0.6,73.08,83.37,73,100,6.08
108,Port Blair,IN,2020-06-20 18:47:36,11.67,92.75,82.9,82,76,12.55
109,Hami,CN,2020-06-20 18:47:36,42.8,93.45,79.48,20,100,6.11
110,Dikson,RU,2020-06-20 18:43:39,73.51,80.55,35.73,85,3,18.99
111,Megion,RU,2020-06-20 18:47:36,61.03,76.11,50.0,87,75,15.66
112,Aripuana,BR,2020-06-20 18:47:37,-9.17,-60.63,91.89,36,1,3.62
113,Luderitz,NA,2020-06-20 18:47:37,-26.65,15.16,57.2,87,0,4.7
114,Roebourne,AU,2020-06-20 18:47:37,-20.78,117.13,69.51,39,0,13.91
115,Hasaki,JP,2020-06-20 18:47:38,35.73,140.83,69.8,88,75,4.7
116,Korla,CN,2020-06-20 18:47:38,41.76,86.15,73.76,25,55,15.5
117,Anahuac,MX,2020-06-20 18:45:05,27.23,-100.15,91.4,52,75,12.75
118,Cherskiy,RU,2020-06-20 18:44:17,68.75,161.3,75.22,39,100,4.23
119,Okitipupa,NG,2020-06-20 18:47:38,6.5,4.78,76.77,91,100,5.32
120,Trinidad,BO,2020-06-20 18:47:39,-14.83,-64.9,89.6,55,20,10.29
121,Akureyri,IS,2020-06-20 18:47:39,65.68,-18.09,69.8,46,20,16.11
122,Bluff,NZ,2020-06-20 18:47:39,-46.6,168.33,39.0,83,12,3.0
123,Saint George,US,2020-06-20 18:43:59,37.1,-113.58,93.0,10,1,3.36
124,Barkhan,PK,2020-06-20 18:47:40,29.9,69.53,87.84,22,0,6.2
125,Radovitskiy,RU,2020-06-20 18:47:40,55.13,39.8,64.2,95,98,7.52
126,Kodyma,UA,2020-06-20 18:47:40,48.1,29.12,66.99,88,100,7.34
127,Araouane,ML,2020-06-20 18:47:40,18.9,-3.53,103.21,13,19,5.23
128,Jacareacanga,BR,2020-06-20 18:47:41,-6.22,-57.75,92.75,39,0,4.03
129,North Bend,US,2020-06-20 18:45:09,43.41,-124.22,63.0,82,90,10.29
130,Vao,NC,2020-06-20 18:47:41,-22.67,167.48,67.62,63,63,13.49
131,Buloh Kasap,MY,2020-06-20 18:47:41,2.55,102.76,77.0,94,20,1.68
132,Ocos,GT,2020-06-20 18:47:42,14.51,-92.19,91.4,59,20,5.82
133,Sonoita,MX,2020-06-20 18:47:42,31.85,-112.83,95.0,14,0,9.24
134,Grindavik,IS,2020-06-20 18:47:42,63.84,-22.43,55.4,76,75,23.04
135,Seropedica,BR,2020-06-20 18:47:42,-22.74,-43.71,86.0,48,0,8.05
136,San Patricio,MX,2020-06-20 18:47:42,19.22,-104.7,87.8,74,75,9.17
137,Puerto Ayora,EC,2020-06-20 18:47:43,-0.74,-90.35,77.0,69,40,19.46
138,Klaksvik,FO,2020-06-20 18:44:13,62.23,-6.59,55.4,87,59,8.05
139,Vierzon,FR,2020-06-20 18:47:43,47.21,2.06,71.6,53,82,3.36
140,Pevek,RU,2020-06-20 18:44:09,69.7,170.31,45.01,64,98,10.16
141,Lavrentiya,RU,2020-06-20 18:47:43,65.58,-171.0,51.67,50,0,13.33
142,Naze,JP,2020-06-20 18:47:43,28.37,129.48,78.8,94,90,5.82
143,Dafeng,CN,2020-06-20 18:47:44,23.45,108.59,78.26,87,84,5.7
144,Bone,DE,2020-06-20 18:47:44,51.97,12.14,70.0,76,100,4.99
145,Mangrol,IN,2020-06-20 18:47:44,21.12,70.12,85.26,78,87,16.71
146,Yerbogachen,RU,2020-06-20 18:47:44,61.28,108.01,55.56,86,2,1.97
147,Shelburne,CA,2020-06-20 18:46:03,44.08,-80.2,86.0,40,40,6.93
148,Saldanha,ZA,2020-06-20 18:47:45,-33.01,17.94,59.0,87,96,5.82
149,Clyde River,CA,2020-06-20 18:47:45,70.47,-68.59,37.4,93,40,6.93
150,Lander,US,2020-06-20 18:46:18,42.83,-108.73,75.2,17,1,3.36
151,Ternate,ID,2020-06-20 18:47:46,0.8,127.4,80.89,77,86,4.09
152,Thompson,CA,2020-06-20 18:45:13,55.74,-97.86,48.2,93,90,6.93
153,Sao Gabriel Da Cachoeira,BR,2020-06-20 18:47:46,-0.13,-67.09,80.6,88,75,2.24
154,Bentiu,SS,2020-06-20 18:47:46,9.23,29.83,80.53,67,100,6.67
155,Southbridge,US,2020-06-20 18:43:37,42.08,-72.03,88.0,45,66,6.4
156,Khatanga,RU,2020-06-20 18:47:47,71.97,102.5,56.1,59,89,14.58
157,Bambous Virieux,MU,2020-06-20 18:47:47,-20.34,57.76,73.4,60,20,13.87
158,Antofagasta,CL,2020-06-20 18:46:40,-23.65,-70.4,60.8,72,20,11.41
159,Aksarayskiy,RU,2020-06-20 18:47:47,46.79,48.01,80.6,47,91,11.18
160,Argalasti,GR,2020-06-20 18:47:48,39.23,23.22,77.0,44,41,2.24
161,Eldorado,BR,2020-06-20 18:47:48,-23.79,-54.28,80.67,51,0,8.99
162,High Level,CA,2020-06-20 18:47:48,58.52,-117.14,75.2,44,20,12.75
163,Trat,TH,2020-06-20 18:47:48,12.5,102.5,77.59,88,100,1.36
164,Longyearbyen,SJ,2020-06-20 18:47:48,78.22,15.64,41.0,80,75,20.8
165,Hobyo,SO,2020-06-20 18:47:49,5.35,48.53,80.19,66,0,28.12
166,Esperance,AU,2020-06-20 18:47:49,-33.87,121.9,42.8,87,0,6.93
167,Saint-Francois,FR,2020-06-20 18:47:49,46.42,3.91,71.6,46,100,3.36
168,Port Alfred,ZA,2020-06-20 18:47:49,-33.59,26.89,62.01,64,0,4.0
169,Hudiksvall,SE,2020-06-20 18:47:50,61.73,17.1,58.26,59,2,6.4
170,Kavieng,PG,2020-06-20 18:47:50,-2.57,150.8,82.47,73,37,4.12
171,Khuzhir,RU,2020-06-20 18:47:50,53.19,107.34,48.33,82,0,2.55
172,Halifax,CA,2020-06-20 18:45:13,44.65,-63.57,90.0,53,5,3.0
173,Qaanaaq,GL,2020-06-20 18:47:51,77.48,-69.36,39.83,71,100,7.83
174,Shenjiamen,CN,2020-06-20 18:47:51,29.96,122.3,71.44,94,100,9.69
175,Belturbet,IE,2020-06-20 18:47:51,54.1,-7.45,57.0,87,100,11.01
176,Iberia,US,2020-06-20 18:47:51,29.95,-91.75,89.6,52,20,11.41
177,Price,US,2020-06-20 18:47:51,39.6,-110.81,77.0,16,1,5.82
178,Yumen,CN,2020-06-20 18:44:39,40.28,97.2,75.94,25,100,4.85
179,Santa Fe,AR,2020-06-20 18:46:32,-31.63,-60.7,63.0,77,100,3.0
180,Port Shepstone,ZA,2020-06-20 18:47:52,-30.74,30.45,63.41,56,0,5.44
181,Russell,US,2020-06-20 18:47:52,32.35,-85.2,91.4,38,20,5.82
182,Toora-Khem,RU,2020-06-20 18:47:52,52.47,96.11,50.25,65,0,1.28
183,Kaeo,NZ,2020-06-20 18:47:53,-35.1,173.78,51.01,3,48,1.01
184,Seymchan,RU,2020-06-20 18:47:53,62.88,152.43,66.2,45,0,3.98
185,Olinda,BR,2020-06-20 18:47:53,-8.01,-34.86,84.2,66,40,16.11
186,Majene,ID,2020-06-20 18:47:53,-3.54,118.97,76.98,87,77,9.53
187,Saint-Philippe,RE,2020-06-20 18:43:40,-21.36,55.77,68.0,77,64,10.29
188,Jiwani,PK,2020-06-20 18:47:54,25.05,61.74,85.03,85,0,11.68
189,Kamphaeng Phet,TH,2020-06-20 18:47:54,16.48,99.52,78.26,88,100,5.06
190,Akdagmadeni,TR,2020-06-20 18:47:54,39.66,35.88,56.98,81,93,1.32
191,Mitu,CO,2020-06-20 18:47:54,1.2,-70.17,87.67,58,39,1.45
192,Coldwater,US,2020-06-20 18:47:55,41.94,-85.0,90.0,42,90,8.05
193,Olot,ES,2020-06-20 18:47:55,42.18,2.49,71.01,96,99,0.13
194,Katsuura,JP,2020-06-20 18:47:55,35.13,140.3,71.01,89,98,3.31
195,Carnarvon,AU,2020-06-20 18:43:56,-24.87,113.63,59.0,87,40,5.82
196,East London,ZA,2020-06-20 18:47:55,-33.02,27.91,68.86,33,0,6.49
197,Bagaha,IN,2020-06-20 18:47:56,27.1,84.08,80.11,80,98,8.52
198,Sao Filipe,CV,2020-06-20 18:47:56,14.9,-24.5,76.08,76,1,9.37
199,Pisco,PE,2020-06-20 18:47:56,-13.7,-76.22,68.0,82,8,11.41
200,Siteki,SZ,2020-06-20 18:47:56,-26.45,31.95,53.51,92,0,2.89
201,Sibolga,ID,2020-06-20 18:47:57,1.74,98.78,78.35,74,33,2.44
202,Algiers,DZ,2020-06-20 18:47:57,36.75,3.04,77.0,53,0,9.17
203,Harper,LR,2020-06-20 18:47:57,4.38,-7.72,78.39,78,82,6.91
204,Port Hedland,AU,2020-06-20 18:47:57,-20.32,118.57,68.0,34,0,10.29
205,Rawson,AR,2020-06-20 18:47:57,-43.3,-65.1,60.71,37,15,28.9
206,Afrikanda,RU,2020-06-20 18:47:57,67.44,32.78,49.08,61,0,1.12
207,Santa Cruz Do Sul,BR,2020-06-20 18:44:48,-29.72,-52.43,77.5,77,26,2.37
208,Mana,GF,2020-06-20 18:47:58,5.66,-53.78,80.98,84,100,10.31
209,Les Escoumins,CA,2020-06-20 18:47:58,48.11,-69.02,63.45,69,30,7.25
210,Cervo,ES,2020-06-20 18:47:58,43.67,-7.41,69.01,33,98,11.01
211,Yeppoon,AU,2020-06-20 18:47:58,-23.13,150.73,62.6,88,90,1.12
212,Alofi,NU,2020-06-20 18:47:59,-19.06,-169.92,73.4,88,100,9.17
213,Georgetown,MY,2020-06-20 18:43:10,5.41,100.34,82.4,94,20,3.36
214,Altay,CN,2020-06-20 18:47:59,47.87,88.12,52.18,73,100,13.09
215,Roald,NO,2020-06-20 18:47:59,62.58,6.13,66.2,77,100,3.36
216,Ozernovskiy,RU,2020-06-20 18:47:59,51.5,156.52,44.35,82,100,6.96
217,Vanavara,RU,2020-06-20 18:44:30,60.34,102.28,54.39,79,3,3.29
218,Upernavik,GL,2020-06-20 18:48:00,72.79,-56.15,40.84,77,0,1.92
219,Oranjemund,NA,2020-06-20 18:48:00,-28.55,16.43,59.04,84,17,1.36
220,Asosa,ET,2020-06-20 18:44:56,10.07,34.53,63.39,99,69,1.72
221,Cabedelo,BR,2020-06-20 18:44:05,-6.98,-34.83,77.0,88,75,14.99
222,Tucuma,BR,2020-06-20 18:48:00,-0.18,-50.05,83.32,76,0,7.0
223,Moindou,NC,2020-06-20 18:48:01,-21.69,165.68,60.8,82,90,3.36
224,Kidal,ML,2020-06-20 18:48:01,18.44,1.41,100.09,8,31,9.53
225,Tyret Pervaya,RU,2020-06-20 18:44:58,53.67,102.31,54.55,85,41,1.07
226,Rostovka,RU,2020-06-20 18:48:01,55.38,71.89,55.0,52,100,15.46
227,Canutama,BR,2020-06-20 18:48:01,-6.53,-64.38,91.92,42,46,4.59
228,Nurota,UZ,2020-06-20 18:48:02,40.56,65.69,78.8,21,0,6.93
229,Tautira,PF,2020-06-20 18:48:02,-17.73,-149.15,82.4,69,75,4.7
230,Thurso,GB,2020-06-20 18:48:02,58.59,-3.53,55.99,93,4,13.87
231,Pacific Grove,US,2020-06-20 18:46:39,36.62,-121.92,62.6,72,75,5.82
232,Maniitsoq,GL,2020-06-20 18:48:03,65.42,-52.9,40.75,81,100,19.28
233,Verkhnyaya Inta,RU,2020-06-20 18:48:03,65.98,60.31,43.05,94,100,7.81
234,Puerto Ayacucho,VE,2020-06-20 18:44:24,5.66,-67.62,89.6,55,40,2.82
235,Dingle,PH,2020-06-20 18:44:40,11.0,122.67,78.19,76,80,4.65
236,Souillac,MU,2020-06-20 18:48:03,-20.52,57.52,73.4,60,20,13.87
237,Torbay,CA,2020-06-20 18:48:04,47.67,-52.73,46.0,100,90,13.87
238,Tolmachevo,RU,2020-06-20 18:48:04,54.98,82.74,46.4,93,40,4.47
239,Kruisfontein,ZA,2020-06-20 18:48:04,-34.0,24.73,53.98,91,3,0.58
240,Sieradz,PL,2020-06-20 18:48:04,51.6,18.73,64.99,91,100,3.0
241,Nikolskoye,RU,2020-06-20 18:43:38,59.7,30.79,62.6,51,0,11.18
242,Westport,US,2020-06-20 18:47:06,41.14,-73.36,84.99,51,1,10.29
243,Norman Wells,CA,2020-06-20 18:44:42,65.28,-126.83,60.8,93,75,8.05
244,Smithfield,US,2020-06-20 18:48:05,41.92,-71.55,90.0,51,1,8.05
245,Kodiak,US,2020-06-20 18:48:05,57.79,-152.41,50.0,87,90,12.75
246,Mar Del Plata,AR,2020-06-20 18:46:35,-38.0,-57.56,57.99,66,100,4.7
247,Peniche,PT,2020-06-20 18:48:06,39.36,-9.38,72.0,73,0,11.01
248,Cockburn Town,TC,2020-06-20 18:48:06,21.46,-71.14,83.05,78,99,17.18
249,Pacifica,US,2020-06-20 18:48:06,37.61,-122.49,66.99,87,75,6.93
250,Magadan,RU,2020-06-20 18:48:06,59.57,150.8,49.03,86,2,3.67
251,Nombre De Dios,MX,2020-06-20 18:48:07,23.85,-104.23,84.2,25,40,8.05
252,Cidreira,BR,2020-06-20 18:48:07,-30.18,-50.21,71.78,87,77,2.89
253,Inhambane,MZ,2020-06-20 18:48:07,-23.86,35.38,65.41,82,0,5.03
254,Sorland,NO,2020-06-20 18:48:07,67.67,12.69,57.42,65,0,11.99
255,Micheweni,TZ,2020-06-20 18:48:07,-4.97,39.83,77.72,71,88,16.11
256,Kenai,US,2020-06-20 18:48:08,60.55,-151.26,52.0,81,90,6.93
257,Aklavik,CA,2020-06-20 18:48:08,68.22,-135.01,46.4,100,90,6.93
258,Yanam,IN,2020-06-20 18:48:08,16.73,82.22,82.69,76,100,4.88
259,Saint-Pierre,RE,2020-06-20 18:48:08,-21.34,55.48,68.0,77,67,10.29
260,Bridgetown,BB,2020-06-20 18:48:08,13.1,-59.62,86.0,74,20,20.8
261,Ucluelet,CA,2020-06-20 18:46:08,48.93,-125.55,59.0,100,90,8.05
262,Kon Tum,VN,2020-06-20 18:48:09,14.35,108.0,71.89,92,40,1.03
263,Hammerfest,NO,2020-06-20 18:48:09,70.66,23.68,46.4,81,0,6.93
264,Aguas Buenas,PR,2020-06-20 18:48:09,18.26,-66.1,91.0,57,43,5.99
265,Kirakira,SB,2020-06-20 18:48:10,-10.45,161.92,78.35,81,100,8.32
266,Nyurba,RU,2020-06-20 18:48:10,63.28,118.33,58.26,74,2,2.08
267,Lisakovsk,KZ,2020-06-20 18:48:10,52.54,62.49,63.01,50,0,11.36
268,Buraydah,SA,2020-06-20 18:44:46,26.33,43.98,93.2,21,3,10.29
269,Faanui,PF,2020-06-20 18:48:11,-16.48,-151.75,79.79,79,35,9.26
270,Iskateley,RU,2020-06-20 18:48:11,67.68,53.15,41.77,89,100,24.16
271,Mount Gambier,AU,2020-06-20 18:48:11,-37.83,140.77,46.4,93,90,4.7
272,Balezino,RU,2020-06-20 18:48:11,57.98,53.01,46.71,68,0,8.75
273,Pombas,CV,2020-06-20 18:48:12,17.15,-25.02,80.6,61,20,32.21
274,Umm Kaddadah,SD,2020-06-20 18:48:12,13.6,26.69,94.37,11,0,4.43
275,Mount Isa,AU,2020-06-20 18:43:54,-20.73,139.5,62.6,42,0,14.99
276,Sorong,ID,2020-06-20 18:48:12,-0.88,131.25,78.01,86,100,8.75
277,Tabuk,PH,2020-06-20 18:44:16,17.42,121.44,75.34,87,31,1.79
278,Khorixas,NA,2020-06-20 18:48:12,-20.37,14.97,56.14,50,2,1.57
279,Artesia,US,2020-06-20 18:48:13,33.87,-118.08,70.0,72,90,6.93
280,Derzhavinsk,KZ,2020-06-20 18:48:13,51.1,66.32,59.77,37,0,12.95
281,Comodoro Rivadavia,AR,2020-06-20 18:48:13,-45.87,-67.5,57.2,44,100,16.11
282,Cankuzo,BI,2020-06-20 18:48:13,-3.13,30.58,64.63,63,42,2.08
283,Milyutinskaya,RU,2020-06-20 18:48:13,48.63,41.67,76.59,44,100,13.0
284,Bani,DO,2020-06-20 18:48:14,18.28,-70.33,89.6,62,40,11.41
285,Brownsville,US,2020-06-20 18:44:52,25.9,-97.5,89.6,62,75,19.46
286,Airai,TL,2020-06-20 18:48:14,-8.93,125.41,54.79,99,4,3.78
287,Kilgore,US,2020-06-20 18:48:14,32.39,-94.88,88.0,54,20,9.17
288,Ahipara,NZ,2020-06-20 18:48:14,-35.17,173.17,52.81,85,46,5.37
289,Betare Oya,CM,2020-06-20 18:48:15,5.6,14.08,68.14,94,100,0.74
290,Mandalgovi,MN,2020-06-20 18:48:15,45.76,106.27,64.54,64,97,14.47
291,Port Augusta,AU,2020-06-20 18:48:15,-32.5,137.77,51.8,87,3,11.41
292,Goedereede,NL,2020-06-20 18:45:23,51.82,3.98,66.99,62,0,2.55
293,Sulphur Springs,US,2020-06-20 18:48:15,33.14,-95.6,87.01,45,40,12.75
294,Oranjestad,AW,2020-06-20 18:47:03,12.52,-70.03,89.6,62,40,20.8
295,Lata,PT,2020-06-20 18:44:57,40.16,-8.33,71.01,63,0,7.0
296,Carmen,MX,2020-06-20 18:48:16,18.63,-91.83,87.8,66,40,16.11
297,Morondava,MG,2020-06-20 18:48:16,-20.28,44.28,71.67,70,100,8.37
298,Milledgeville,US,2020-06-20 18:46:34,33.08,-83.23,89.01,43,40,4.7
299,Mattru,SL,2020-06-20 18:48:16,7.62,-11.83,75.65,95,85,2.91
300,Churapcha,RU,2020-06-20 18:48:17,62.0,132.43,56.07,76,9,4.56
301,Tilichiki,RU,2020-06-20 18:48:17,60.47,166.1,51.94,79,10,1.88
302,Ndele,CF,2020-06-20 18:48:17,8.41,20.65,72.0,90,56,4.47
303,Santiago Del Estero,AR,2020-06-20 18:48:17,-27.8,-64.26,74.8,53,0,5.66
304,Whitehorse,CA,2020-06-20 18:48:18,60.72,-135.05,59.0,72,75,12.75
305,Cobija,BO,2020-06-20 18:48:18,-11.03,-68.77,90.23,45,63,2.84
306,Kumylzhenskaya,RU,2020-06-20 18:48:18,49.88,42.59,78.01,42,97,4.0
307,Ust-Omchug,RU,2020-06-20 18:48:18,61.15,149.63,53.2,74,0,3.8
308,Luganville,VU,2020-06-20 18:48:19,-15.53,167.17,75.36,85,91,8.81
309,Goderich,CA,2020-06-20 18:44:36,43.75,-81.72,84.99,54,61,5.61
310,Melfi,IT,2020-06-20 18:48:19,41.0,15.65,73.99,49,20,13.87
311,Mus,TR,2020-06-20 18:48:19,39.0,41.75,51.64,70,62,1.07
312,San Cristobal,VE,2020-06-20 18:48:19,7.77,-72.22,91.4,46,40,24.16
313,New London,US,2020-06-20 18:48:20,41.36,-72.1,87.01,78,1,6.93
314,Los Llanos De Aridane,ES,2020-06-20 18:48:20,28.66,-17.92,73.4,69,40,16.11
315,Sitka,US,2020-06-20 18:43:49,57.05,-135.33,51.8,87,90,10.29
316,Anstruther,GB,2020-06-20 18:48:20,56.22,-2.7,68.0,45,0,16.11
317,Nicolas Bravo,MX,2020-06-20 18:48:20,18.45,-88.92,89.6,66,40,11.41
318,Salekhard,RU,2020-06-20 18:48:21,66.53,66.6,46.8,65,84,15.77
319,Pereira Barreto,BR,2020-06-20 18:48:21,-20.64,-51.11,84.81,35,0,7.2
320,Guerrero Negro,MX,2020-06-20 18:48:21,27.98,-114.06,73.27,52,0,17.4
321,Bengkulu,ID,2020-06-20 18:48:21,-3.8,102.27,76.3,88,100,4.18
322,Floro,NO,2020-06-20 18:48:21,61.6,5.03,66.2,72,100,2.17
323,Awjilah,LY,2020-06-20 18:48:22,29.11,21.29,96.82,10,0,7.58
324,Sistranda,NO,2020-06-20 18:48:22,63.73,8.83,82.4,37,100,4.7
325,Eura,FI,2020-06-20 18:48:22,61.13,22.13,77.0,47,99,6.93
326,Petrovsk,RU,2020-06-20 18:48:23,52.31,45.39,66.54,78,6,4.16
327,Gusinoye Ozero,RU,2020-06-20 18:48:23,51.11,106.26,55.83,67,100,4.68
328,Victoria,HK,2020-06-20 18:44:03,22.29,114.16,84.0,74,68,8.01
329,Talnakh,RU,2020-06-20 18:44:34,69.49,88.4,50.0,81,75,13.42
330,Vostok,RU,2020-06-20 18:48:23,46.49,135.88,44.31,100,100,4.18
331,Nabire,ID,2020-06-20 18:48:24,-3.37,135.48,75.16,89,9,4.41
332,Ekhabi,RU,2020-06-20 18:48:24,53.51,142.97,40.55,96,100,10.49
333,Oyama,JP,2020-06-20 18:48:24,36.3,139.8,75.0,82,75,10.29
334,Lamar,US,2020-06-20 18:48:24,33.67,-95.58,84.0,65,75,12.75
335,Santa Maria,BR,2020-06-20 18:45:38,-29.68,-53.81,86.0,51,40,10.29
336,Khairpur Nathan Shah,PK,2020-06-20 18:48:24,27.09,67.73,95.14,44,0,15.12
337,Seoul,KR,2020-06-20 18:48:25,37.57,126.98,68.0,100,20,5.82
338,Fairbanks,US,2020-06-20 18:45:31,64.84,-147.72,64.0,67,20,4.7
339,Faya,SA,2020-06-20 18:48:25,18.39,42.45,77.0,47,100,5.82
340,Coquimbo,CL,2020-06-20 18:47:28,-29.95,-71.34,55.4,93,90,16.11
341,Kjollefjord,NO,2020-06-20 18:48:25,70.95,27.35,46.35,74,0,5.32
342,Maamba,ZM,2020-06-20 18:48:26,-17.37,27.15,58.64,69,18,2.21
343,Ayan,RU,2020-06-20 18:48:26,56.45,138.17,42.12,97,100,5.84
344,Iseyin,NG,2020-06-20 18:48:26,7.97,3.6,75.72,87,100,3.6
345,Rincon,US,2020-06-20 18:48:26,32.3,-81.24,93.99,49,20,6.93
346,Joniskelis,LT,2020-06-20 18:48:26,56.03,24.17,73.4,73,20,13.87
347,Hualmay,PE,2020-06-20 18:48:27,-11.1,-77.61,68.04,67,7,10.04
348,Dongsheng,CN,2020-06-20 18:48:27,39.82,109.98,71.35,50,1,12.77
349,San Policarpo,PH,2020-06-20 18:48:27,12.18,125.51,82.22,79,98,4.92
350,Mehamn,NO,2020-06-20 18:48:27,71.04,27.85,46.27,73,0,3.11
351,Bubaque,GW,2020-06-20 18:48:27,11.28,-15.83,82.29,79,97,11.88
352,Arrecife,ES,2020-06-20 18:48:28,28.96,-13.55,75.2,60,20,20.8
353,Tahara,JP,2020-06-20 18:48:28,34.67,137.27,68.0,82,20,2.24
354,Vestmannaeyjar,IS,2020-06-20 18:48:28,63.44,-20.27,51.8,93,75,26.4
355,Husavik,IS,2020-06-20 18:48:28,66.04,-17.34,69.8,46,20,16.11
356,Capreol,CA,2020-06-20 18:48:28,46.71,-80.92,87.01,35,40,10.29
357,Weinan,CN,2020-06-20 18:48:29,34.5,109.51,75.0,68,99,6.71
358,Kars,TR,2020-06-20 18:48:29,40.6,43.09,51.8,87,75,6.93
359,Kailua,US,2020-06-20 18:44:07,21.4,-157.74,78.8,69,75,9.17
360,Atambua,ID,2020-06-20 18:48:29,-9.11,124.89,69.75,89,21,6.46
361,Felipe Carrillo Puerto,MX,2020-06-20 18:48:29,19.58,-88.05,91.49,51,14,6.8
362,Ahuimanu,US,2020-06-20 18:48:30,21.44,-157.84,79.0,69,75,9.17
363,Havre-Saint-Pierre,CA,2020-06-20 18:48:30,50.23,-63.6,60.8,67,1,8.05
364,Yaan,NG,2020-06-20 18:48:30,7.38,8.57,76.51,78,100,1.72
365,Ust-Kuyga,RU,2020-06-20 18:48:30,70.02,135.6,73.92,43,58,5.55
366,Kampong Thum,KH,2020-06-20 18:48:30,12.71,104.89,78.1,89,100,7.18
367,Rio Branco Do Sul,BR,2020-06-20 18:48:30,-25.19,-49.31,78.01,56,40,6.93
368,Avera,US,2020-06-20 18:48:31,33.19,-82.53,89.6,40,40,3.36
369,Anajatuba,BR,2020-06-20 18:48:31,-3.26,-44.62,82.81,86,12,3.44
370,Isla Mujeres,MX,2020-06-20 18:48:31,21.23,-86.73,86.0,70,75,12.75
371,Puerto Escondido,MX,2020-06-20 18:48:31,15.85,-97.07,86.56,70,62,12.15
372,Saint-Raymond,CA,2020-06-20 18:48:31,45.47,-73.61,90.0,35,20,12.75
373,Vesyegonsk,RU,2020-06-20 18:48:32,58.66,37.26,54.0,69,100,5.37
374,Nishihara,JP,2020-06-20 18:48:32,26.18,127.76,82.4,94,40,14.99
375,Labuhan,ID,2020-06-20 18:48:32,-6.88,112.21,77.07,84,77,6.69
376,Koumac,NC,2020-06-20 18:48:32,-20.57,164.28,67.32,82,33,9.66
377,Olafsvik,IS,2020-06-20 18:48:32,64.89,-23.71,51.12,89,100,3.0
378,Aktau,KZ,2020-06-20 18:48:33,43.65,51.2,87.8,24,40,11.18
379,Port Pirie,AU,2020-06-20 18:48:33,-33.18,138.02,51.8,87,100,11.41
380,Nouadhibou,MR,2020-06-20 18:48:33,20.93,-17.03,78.8,57,0,9.17
381,Wencheng,CN,2020-06-20 18:48:33,33.06,113.8,69.57,89,100,1.39
382,Dali,CN,2020-06-20 18:48:33,25.7,100.18,64.98,86,74,5.5
383,Mercedes,AR,2020-06-20 18:48:34,-34.65,-59.43,64.99,57,100,1.99
384,Kisangani,CD,2020-06-20 18:48:34,0.52,25.2,73.58,66,72,1.48
385,Atkinson,US,2020-06-20 18:48:34,42.84,-71.15,93.99,36,1,8.05
386,Kaluga,RU,2020-06-20 18:48:34,54.5,35.5,71.6,78,100,8.95
387,Road Town,VG,2020-06-20 18:48:17,18.42,-64.62,87.8,66,40,14.99
388,Mombetsu,JP,2020-06-20 18:48:34,44.35,143.35,48.29,87,100,7.56
389,Verkh-Usugli,RU,2020-06-20 18:48:35,52.7,115.17,47.21,77,0,4.9
390,Amudat,UG,2020-06-20 18:48:35,1.95,34.95,68.81,80,84,3.02
391,San-Pedro,CI,2020-06-20 18:48:35,4.75,-6.64,78.21,80,91,6.51
392,Mulanur,IN,2020-06-20 18:48:35,10.77,77.72,82.33,55,96,19.93
393,Todos Santos,MX,2020-06-20 18:48:35,23.45,-110.22,70.0,79,2,4.0
394,Bealanana,MG,2020-06-20 18:48:36,-14.55,48.73,61.68,93,74,4.34
395,Magistralnyy,RU,2020-06-20 18:48:36,56.17,107.45,53.02,78,0,3.02
396,Ous,RU,2020-06-20 18:48:36,60.91,61.52,43.97,71,23,9.33
397,Mungwi,ZM,2020-06-20 18:48:36,-10.17,31.37,56.1,76,6,5.5
398,Thessalon,CA,2020-06-20 18:48:36,46.25,-83.57,78.8,54,1,6.93
399,Port Alberni,CA,2020-06-20 18:48:37,49.24,-124.8,68.0,77,75,18.34
400,Pavlohrad,UA,2020-06-20 18:48:37,48.52,35.87,73.4,60,45,5.32
401,Karangampel,ID,2020-06-20 18:48:37,-6.46,108.45,78.35,79,100,6.38
402,Bayir,TR,2020-06-20 18:48:37,37.27,28.22,77.0,47,50,3.36
403,Nuuk,GL,2020-06-20 18:48:37,64.18,-51.72,44.6,75,40,9.17
404,Salvador,SV,2020-06-20 18:46:05,13.83,-88.92,89.6,58,20,3.36
405,Binzhou,CN,2020-06-20 18:48:38,37.37,118.02,79.0,63,0,7.2
406,Berezovyy,RU,2020-06-20 18:48:38,51.67,135.7,48.97,88,92,3.42
407,Sao Felix Do Xingu,BR,2020-06-20 18:48:38,-6.64,-51.99,87.51,52,16,5.5
408,Yulara,AU,2020-06-20 18:48:38,-25.24,130.99,41.0,48,0,4.7
409,Batsfjord,NO,2020-06-20 18:48:38,70.63,29.72,47.43,68,6,1.05
410,Kautokeino,NO,2020-06-20 18:48:39,69.01,23.04,64.54,47,0,9.08
411,Olhao,PT,2020-06-20 18:48:39,37.03,-7.84,82.4,48,0,5.82
412,Columbus,US,2020-06-20 18:45:49,39.96,-83.0,91.99,31,40,3.36
413,Hazorasp,UZ,2020-06-20 18:48:39,41.32,61.07,77.0,38,41,6.93
414,Mariestad,SE,2020-06-20 18:48:40,58.71,13.82,69.01,72,74,4.7
415,Nemuro,JP,2020-06-20 18:48:40,43.32,145.57,48.51,87,0,9.89
416,Tabat,ID,2020-06-20 18:48:40,-2.63,115.23,72.61,98,36,1.21
417,Hofn,IS,2020-06-20 18:48:40,64.25,-15.21,51.42,92,70,6.11
418,Kafanchan,NG,2020-06-20 18:48:40,9.58,8.3,73.45,87,85,2.86
419,Hede,CN,2020-06-20 18:48:41,33.77,120.25,67.78,95,0,6.06
420,Novobirilyussy,RU,2020-06-20 18:48:41,56.95,90.67,46.81,97,100,8.97
421,Salalah,OM,2020-06-20 18:44:31,17.02,54.09,82.4,88,20,2.24
422,Leningradskiy,RU,2020-06-20 18:44:09,69.38,178.42,49.19,57,28,5.23
423,Talara,PE,2020-06-20 18:48:41,-4.58,-81.27,75.2,64,1,16.11
424,Chilliwack,CA,2020-06-20 18:46:08,49.17,-121.94,64.4,88,90,3.36
425,Tefe,BR,2020-06-20 18:48:42,-3.35,-64.71,89.6,70,40,6.93
426,Bom Jardim,BR,2020-06-20 18:48:42,-7.8,-35.59,74.64,83,2,14.32
427,Loudi,CN,2020-06-20 18:48:42,27.73,111.99,76.37,93,100,1.5
428,Myitkyina,MM,2020-06-20 18:48:42,25.38,97.4,75.97,96,91,1.41
429,Suez,EG,2020-06-20 18:48:42,29.97,32.53,76.64,54,0,10.54
430,Coruripe,BR,2020-06-20 18:48:43,-10.13,-36.18,78.1,79,0,13.62
431,Fort Saint James,CA,2020-06-20 18:48:43,54.43,-124.25,62.42,81,100,5.55
432,Shirgaon,IN,2020-06-20 18:48:43,19.7,72.7,83.62,78,100,11.25
433,Mayumba,GA,2020-06-20 18:48:43,-3.43,10.66,74.35,88,54,5.95
434,Kushchevskaya,RU,2020-06-20 18:48:44,46.56,39.64,67.98,79,12,5.66
435,Yeniseysk,RU,2020-06-20 18:48:44,58.45,92.17,52.52,55,100,10.8
436,Tianpeng,CN,2020-06-20 18:48:44,30.99,103.94,77.0,1,100,0.47
437,Aksu,CN,2020-06-20 18:48:44,41.12,80.26,71.06,31,100,5.5
438,Kulhudhuffushi,MV,2020-06-20 18:48:45,6.62,73.07,83.97,77,99,15.97
439,Mbala,ZM,2020-06-20 18:48:45,-8.84,31.37,56.57,75,0,5.37
440,Santiago,CL,2020-06-20 18:48:36,-33.46,-70.65,51.8,93,90,3.36
441,Ust-Nera,RU,2020-06-20 18:48:45,64.57,143.2,67.82,48,0,3.09
442,Nampula,MZ,2020-06-20 18:48:46,-15.12,39.27,68.0,68,6,5.82
443,Grand-Lahou,CI,2020-06-20 18:48:46,5.14,-5.02,77.92,84,100,7.49
444,San Carlos De Bariloche,AR,2020-06-20 18:48:46,-41.15,-71.31,37.4,93,75,5.82
445,Dudinka,RU,2020-06-20 18:48:46,69.41,86.18,50.0,81,75,13.42
446,Matara,LK,2020-06-20 18:44:28,5.95,80.54,80.73,86,100,11.9
447,Lircay,PE,2020-06-20 18:48:46,-12.99,-74.72,69.8,26,20,6.93
448,Poum,NC,2020-06-20 18:48:47,-20.23,164.02,70.38,80,22,11.95
449,Forte Dei Marmi,IT,2020-06-20 18:48:47,43.96,10.17,73.0,88,0,1.99
450,Emerald,AU,2020-06-20 18:48:47,-23.53,148.17,59.0,87,75,11.41
451,Okha,RU,2020-06-20 18:48:47,53.57,142.95,40.37,97,100,10.69
452,Hambantota,LK,2020-06-20 18:48:48,6.12,81.12,82.02,78,100,18.32
453,Ornskoldsvik,SE,2020-06-20 18:48:48,63.29,18.72,66.2,45,17,6.93
454,Tuy Hoa,VN,2020-06-20 18:48:48,13.08,109.3,78.35,87,23,4.41
455,Nushki,PK,2020-06-20 18:44:12,29.55,66.02,79.02,12,0,3.18
456,Deputatskiy,RU,2020-06-20 18:44:40,69.3,139.9,72.91,44,0,1.43
457,Ambulu,ID,2020-06-20 18:48:49,-8.35,113.61,74.98,86,61,4.05
458,Apopka,US,2020-06-20 18:44:24,28.68,-81.51,93.99,52,13,1.99
459,Noumea,NC,2020-06-20 18:48:49,-22.28,166.46,60.8,82,90,3.36
460,Lubango,AO,2020-06-20 18:48:49,-14.92,13.49,56.19,44,0,4.97
461,Sao Joao Da Barra,BR,2020-06-20 18:48:49,-21.64,-41.05,82.4,58,0,13.87
462,Shiyan,CN,2020-06-20 18:48:50,32.65,110.78,66.6,90,100,1.16
463,Ponnani,IN,2020-06-20 18:48:50,10.77,75.93,78.8,83,75,2.24
464,Gwadar,PK,2020-06-20 18:48:50,25.12,62.33,84.65,85,9,11.41
465,Diamantino,BR,2020-06-20 18:48:50,-14.41,-56.45,89.46,35,1,4.61
466,Qaqortoq,GL,2020-06-20 18:48:50,60.72,-46.03,53.6,34,75,5.82
467,Kavaratti,IN,2020-06-20 18:48:51,10.57,72.64,84.2,76,100,16.6
468,Altus,US,2020-06-20 18:48:51,34.64,-99.33,84.2,48,1,8.05
469,Kosh-Agach,RU,2020-06-20 18:48:51,50.0,88.67,47.39,69,82,7.43
470,Dalby,AU,2020-06-20 18:48:51,-27.18,151.27,51.8,93,100,5.82
471,Aguimes,ES,2020-06-20 18:48:51,27.91,-15.45,75.2,60,20,27.51
472,Shingu,JP,2020-06-20 18:48:52,33.73,135.98,64.56,89,86,4.47
473,Namatanai,PG,2020-06-20 18:45:03,-3.67,152.43,79.75,78,97,1.92
474,Kenora,CA,2020-06-20 18:48:52,49.82,-94.43,62.6,77,90,6.93
475,Alexandria,EG,2020-06-20 18:46:27,31.22,29.96,75.2,73,0,9.17
476,Bartica,GY,2020-06-20 18:48:52,6.4,-58.62,89.6,66,40,13.87
477,Gasa,PS,2020-06-20 18:48:53,31.5,34.47,75.2,78,20,6.93
478,Kibala,TD,2020-06-20 18:48:53,9.11,18.35,87.8,62,20,1.99
479,Komsomolskiy,UZ,2020-06-20 18:48:53,40.43,71.72,77.0,31,0,6.93
480,Haines Junction,CA,2020-06-20 18:48:53,60.75,-137.51,51.91,73,100,3.83
481,Presidencia Roque Saenz Pena,AR,2020-06-20 18:48:53,-26.79,-60.44,88.0,51,100,4.0
482,Chapadinha,BR,2020-06-20 18:48:53,-3.74,-43.36,83.66,75,26,3.87
483,Touros,BR,2020-06-20 18:48:54,-5.2,-35.46,78.8,83,40,14.99
484,Namibe,AO,2020-06-20 18:48:54,-15.2,12.15,72.86,55,0,10.29
485,Marystown,CA,2020-06-20 18:48:54,47.17,-55.15,53.29,76,87,13.89
486,Nelson Bay,AU,2020-06-20 18:44:03,-32.72,152.15,54.0,93,90,7.65
487,Rancho Palos Verdes,US,2020-06-20 18:48:54,33.74,-118.39,66.99,82,90,5.82
488,Rabo De Peixe,PT,2020-06-20 18:48:55,37.8,-25.58,68.0,77,20,12.75
489,Portland,US,2020-06-20 18:45:57,45.52,-122.68,61.0,87,90,5.82
490,Omoa,HN,2020-06-20 18:48:55,15.77,-88.03,93.2,52,40,11.41
491,Ancud,CL,2020-06-20 18:48:55,-41.87,-73.82,48.0,87,20,2.24
492,Nichinan,JP,2020-06-20 18:48:55,31.6,131.37,68.0,82,100,1.99
493,Guangshui,CN,2020-06-20 18:48:56,31.62,114.0,68.27,92,100,3.85
494,Millinocket,US,2020-06-20 18:48:56,45.66,-68.71,95.0,26,1,6.93
495,Kifri,IQ,2020-06-20 18:48:56,34.7,44.97,82.33,31,0,13.98
496,Mgachi,RU,2020-06-20 18:48:57,51.05,142.27,43.65,91,80,3.83
497,Saint-Joseph,RE,2020-06-20 18:48:57,-21.37,55.62,68.0,77,61,10.29
498,Moerai,PF,2020-06-20 18:44:43,-22.43,-151.33,70.84,71,3,18.48
499,Belaya Gora,RU,2020-06-20 18:48:57,68.53,146.42,78.71,31,0,3.87
500,Barrhead,GB,2020-06-20 18:48:57,55.8,-4.39,64.4,52,20,14.99
501,Lingyuan,CN,2020-06-20 18:48:58,41.24,119.4,67.77,64,100,5.48
502,Lagos,NG,2020-06-20 18:44:15,6.58,3.75,73.4,94,75,3.36
503,Palmer,US,2020-06-20 18:48:58,42.16,-72.33,90.0,38,75,4.7
504,Bilma,NE,2020-06-20 18:48:58,18.69,12.92,95.63,9,94,10.27
505,Zyryanka,RU,2020-06-20 18:48:58,65.75,150.85,74.14,43,0,13.22
506,Charters Towers,AU,2020-06-20 18:48:58,-20.1,146.27,62.46,85,100,6.15
507,Muros,ES,2020-06-20 18:48:59,42.78,-9.06,66.99,74,19,7.0
508,Porto Walter,BR,2020-06-20 18:45:44,-8.27,-72.74,81.81,81,10,4.09
509,Ponta Do Sol,PT,2020-06-20 18:48:59,32.67,-17.1,73.4,64,40,13.87
510,Lazaro Cardenas,MX,2020-06-20 18:48:59,17.96,-102.2,89.2,47,0,7.83
511,Muisne,EC,2020-06-20 18:49:00,0.6,-80.03,84.2,83,40,9.17
512,Antalaha,MG,2020-06-20 18:49:00,-14.9,50.28,73.83,91,97,12.35
513,Belyy Yar,RU,2020-06-20 18:49:00,53.6,91.39,51.8,87,40,4.47
514,Bemidji,US,2020-06-20 18:49:00,47.47,-94.88,68.0,60,40,13.87
515,Rodrigues Alves,BR,2020-06-20 18:49:00,-7.74,-72.65,80.58,89,85,1.79
516,Asau,RO,2020-06-20 18:44:51,46.43,26.4,62.01,88,100,2.64
517,Abaca,PH,2020-06-20 18:49:01,9.92,124.51,79.59,82,6,1.74
518,Provideniya,RU,2020-06-20 18:49:01,64.38,-173.3,56.03,50,0,6.64
519,Kozulka,UA,2020-06-20 18:49:01,50.04,23.8,60.8,100,75,4.47
520,Kushiro,JP,2020-06-20 18:49:01,42.98,144.37,48.88,83,87,4.65
521,Marechal Candido Rondon,BR,2020-06-20 18:49:02,-24.56,-54.06,75.76,64,0,8.86
522,Port Hawkesbury,CA,2020-06-20 18:49:02,45.62,-61.35,73.0,68,1,8.05
523,Dapaong,TG,2020-06-20 18:49:02,10.86,0.2,86.36,46,64,6.73
524,Tokur,RU,2020-06-20 18:49:02,53.13,132.9,44.91,95,100,2.95
525,Mandurah,AU,2020-06-20 18:49:03,-32.55,115.7,53.01,87,0,6.93
526,Pavlovka,RU,2020-06-20 18:49:03,52.69,47.14,64.35,76,0,3.69
527,Jumla,NP,2020-06-20 18:49:03,29.27,82.18,61.0,73,100,1.74
528,Meiganga,CM,2020-06-20 18:49:03,6.52,14.3,66.65,93,100,2.35
529,Tonota,BW,2020-06-20 18:49:03,-21.48,27.48,53.6,50,0,5.82
530,Sabang,ID,2020-06-20 18:49:04,5.89,95.32,82.49,78,45,7.49
531,Nador,MA,2020-06-20 18:49:04,35.17,-2.93,78.8,47,0,2.24
532,Irricana,CA,2020-06-20 18:49:04,51.32,-113.6,73.99,35,20,6.93
533,Novopokrovka,UA,2020-06-20 18:49:04,49.84,36.55,75.2,53,71,8.95
534,Smithers,CA,2020-06-20 18:49:05,54.78,-127.17,62.6,82,75,3.36
535,Ostrovnoy,RU,2020-06-20 18:49:05,68.05,39.51,43.56,75,100,11.99
536,Caravelas,BR,2020-06-20 18:49:05,-17.71,-39.25,77.02,65,100,4.94
537,Nanortalik,GL,2020-06-20 18:49:05,60.14,-45.24,41.36,73,100,10.65
538,Mazatlan,MX,2020-06-20 18:46:18,23.22,-106.42,89.6,55,40,9.17
539,Voh,NC,2020-06-20 18:49:06,-20.97,164.7,62.56,87,0,6.22
540,Samarkand,UZ,2020-06-20 18:49:06,39.65,66.96,77.0,22,0,9.17
541,Astana,KZ,2020-06-20 18:48:53,51.18,71.45,48.2,70,0,6.71
542,Tigil,RU,2020-06-20 18:49:06,57.8,158.67,49.62,87,39,3.76
543,Pleasanton,US,2020-06-20 18:49:06,37.66,-121.87,77.0,53,1,10.29
544,Paamiut,GL,2020-06-20 18:49:07,61.99,-49.67,39.97,83,69,26.71
545,Springbok,ZA,2020-06-20 18:49:07,-29.66,17.89,51.12,64,0,4.36
546,Freeport,US,2020-06-20 18:47:40,40.66,-73.58,86.0,54,1,10.29
547,Tambun,ID,2020-06-20 18:49:07,-6.26,107.07,81.0,88,20,5.82
548,Margate,GB,2020-06-20 18:49:07,51.38,1.39,66.99,68,0,5.01
549,Darhan,MN,2020-06-20 18:49:08,49.49,105.92,60.24,79,100,7.72
550,Madinat Sittah Uktubar,EG,2020-06-20 18:49:08,29.82,31.05,82.4,45,0,11.41
551,Korcula,HR,2020-06-20 18:49:08,42.96,17.14,69.8,52,20,8.05
552,Beyneu,KZ,2020-06-20 18:49:08,45.32,55.2,79.9,17,34,18.32
553,Port Macquarie,AU,2020-06-20 18:49:09,-31.43,152.92,48.99,97,32,9.86
554,Yelan,RU,2020-06-20 18:49:09,50.95,43.74,75.99,47,63,1.99
555,Miranda,CO,2020-06-20 18:49:09,3.25,-76.23,86.0,58,75,5.82
556,Xai-Xai,MZ,2020-06-20 18:49:09,-25.05,33.64,63.39,86,0,1.95
557,Toowoomba,AU,2020-06-20 18:49:09,-27.55,151.97,51.8,93,39,5.82
558,Oussouye,SN,2020-06-20 18:49:10,12.48,-16.55,86.0,79,40,4.7
559,Erzin,TR,2020-06-20 18:49:10,36.96,36.2,75.99,88,0,11.01
560,Bindura,ZW,2020-06-20 18:49:10,-17.3,31.33,53.96,70,87,0.85
561,Lagoa,PT,2020-06-20 18:44:31,39.05,-27.98,65.52,91,0,17.74
562,Hoquiam,US,2020-06-20 18:49:10,46.98,-123.89,63.0,87,90,12.75
563,Gusau,NG,2020-06-20 18:49:10,12.16,6.66,78.49,71,100,14.29
564,Svetlaya,RU,2020-06-20 18:49:11,46.54,138.33,46.04,87,81,1.34
565,Chara,RU,2020-06-20 18:49:11,56.91,118.26,48.83,73,2,2.17
566,West Wendover,US,2020-06-20 18:49:11,40.74,-114.07,77.0,22,1,6.93
567,Amapa,BR,2020-06-20 18:49:11,1.0,-52.0,81.64,83,0,4.25
568,Pouebo,NC,2020-06-20 18:49:11,-20.4,164.57,67.08,82,23,9.53
569,Requena,ES,2020-06-20 18:49:12,39.49,-1.1,84.0,44,0,3.27
570,Mazamari,PE,2020-06-20 18:49:12,-11.33,-74.53,90.18,38,20,2.48
571,Meridian,US,2020-06-20 18:49:12,43.61,-116.39,78.01,38,1,5.91
572,Ukholovo,RU,2020-06-20 18:49:12,53.79,40.49,69.01,73,31,1.99
573,Luwuk,ID,2020-06-20 18:49:13,-0.95,122.79,77.4,78,100,4.12
574,Xichang,CN,2020-06-20 18:49:13,27.9,102.26,70.7,78,100,1.66
575,Oum Hadjer,TD,2020-06-20 18:49:13,13.3,19.7,97.79,21,61,11.63
576,Galle,LK,2020-06-20 18:44:35,6.04,80.22,81.86,85,100,14.61
577,Ilhabela,BR,2020-06-20 18:49:13,-23.78,-45.36,78.67,60,0,4.09
578,San Francisco,US,2020-06-20 18:48:18,37.77,-122.42,66.2,68,40,8.05
579,Tongren,CN,2020-06-20 18:49:14,27.72,109.19,75.96,88,100,2.37
580,Dano,BF,2020-06-20 18:49:14,11.15,-3.07,90.55,39,34,1.43
581,Raga,SS,2020-06-20 18:49:14,8.46,25.68,72.0,91,100,5.57
582,Bay Roberts,CA,2020-06-20 18:49:15,47.6,-53.26,48.0,87,90,12.75
583,Sobolevo,RU,2020-06-20 18:49:15,54.43,31.9,67.28,89,100,6.15
584,Praxedis Guerrero,MX,2020-06-20 18:49:15,31.37,-106.02,96.01,6,20,9.17
585,Udachnyy,RU,2020-06-20 18:49:15,66.42,112.4,62.96,62,100,2.33
586,Leh,IN,2020-06-20 18:49:15,34.17,77.58,52.47,42,55,4.85
587,Morant Bay,JM,2020-06-20 18:46:21,17.88,-76.41,89.6,66,20,25.28
588,Vila Franca Do Campo,PT,2020-06-20 18:49:16,37.72,-25.43,68.0,77,20,12.75
589,Mecca,SA,2020-06-20 18:47:17,21.43,39.83,85.32,33,99,6.96
590,Hanmer Springs,NZ,2020-06-20 18:49:16,-42.52,172.82,37.96,81,35,2.21
591,Camacha,PT,2020-06-20 18:49:16,33.08,-16.33,69.8,83,75,14.99
592,Moron,AR,2020-06-20 18:49:17,-34.65,-58.62,64.4,39,100,19.46
593,Kemijarvi,FI,2020-06-20 18:44:39,66.71,27.43,59.11,46,0,3.22
594,Prince Rupert,CA,2020-06-20 18:45:02,54.32,-130.32,51.8,100,90,2.24
